_id,name,category,source,url,mediaType,cover,author,author_avatar,tags,content_id
5f9b4e77d198ab346e3f3295,The Accidental Creative,Lifestyle,http://www.accidentalcreative.com/category/podcasts/,https://itunes.apple.com/us/podcast/accidental-creative-creativity/id93424211?mt=2,podcast,https://www.verbaltovisual.com/wp-content/uploads/2015/09/TheAccidentalCreativeSketchnotes.jpg,Todd Henry,https://lateralaction.com/wp-content/uploads/todd-avatar.png,"[""lifestyle""]",60192f3c7e33b619c09cae28
5f9b50438f36ea8e2f6310fb,"Think and Grow Rich! The Original Version, Restored and Revised",Business Motivation Skills,https://www.amazon.co.uk/Think-Grow-Rich-Original-Restored/dp/0990797600,https://www.amazon.co.uk/Think-Grow-Rich-Original-Restored/dp/0990797600,e-book,"https://images-na.ssl-images-amazon.com/images/I/517n0Q3oWmL._SX331_BO1,204,203,200_.jpg",Napoleon hill,https://victor-mochere.com/wp-content/uploads/2019/05/Best-quotes-from-Napoleon-Hill.jpg,"[""Business"",""Motivation"",""Skills""]",60193064c15a0c2cf4be7980
5f9b6e658f36ea59d96310fd,Guerrilla Testing,Technology,https://userbrain.net/blog/7-step-guide-guerrilla-usability-testing-diy-usability-testing-method,https://userbrain.net/blog/7-step-guide-guerrilla-usability-testing-diy-usability-testing-method,article,https://cdnblog.userbrain.net/wp-content/uploads/2016/03/Guerrilla-Testing-1.png,John Green,https://upload.wikimedia.org/wikipedia/commons/thumb/b/b9/John_Green_2020_%28C6txQ5yn5S8%29.jpg/440px-John_Green_2020_%28C6txQ5yn5S8%29.jpg,"[""problem-solving with digital tools"",""tdd""]",60193119c15a0c5124be7985
5fa99b4d18c0ea7b25ee0e88,Optimizing Data Fetching in React,Programming,https://www.pluralsight.com/guides/optimizing-data-fetching-in-react,https://www.pluralsight.com/guides/optimizing-data-fetching-in-react,article,https://res.cloudinary.com/landell/image/upload/v1612226268/aline/tech-empty-state.jpg,Manujith Pallewatte,https://pluralsight.imgix.net/author/default.jpg,"[""Web Development"",""Front End Web Development"",""Client-side Framework"",""React""]",60193127c15a0c7714be7986
6007f339c5437f6d542dbfdc,Post scarcity economy,business,en.wikipedia.org,https://en.wikipedia.org/wiki/Post-scarcity_economy,url,https://res.cloudinary.com/landell/image/upload/aline/business-empty-state.jpg,Innocent Mugenga,https://lh5.googleusercontent.com/-FjGxXtNjsjY/AAAAAAAAAAI/AAAAAAAAAAA/AMZuuclQo4yNLaOqZsHTnV5ZbsskZ_8_HA/s96-c/photo.jpg,"[""-"",""-""]",60193182c15a0c1697be7987
6007f438c5437f44d02dbfdd,130 | Frank Wilczek on the Present and Future of Fundamental Physics,Business,podcastaddict.com,https://podcastaddict.com/episode/117921301,podcast,https://res.cloudinary.com/landell/image/upload/aline/business-empty-state.jpg,Innocent Mugenga,https://lh5.googleusercontent.com/-FjGxXtNjsjY/AAAAAAAAAAI/AAAAAAAAAAA/AMZuuclQo4yNLaOqZsHTnV5ZbsskZ_8_HA/s96-c/photo.jpg,"[""-"",""-""]",601930c4c15a0c99dbbe7981
6007f46ec5437fd7e12dbfde,De fyra dörrarna,Design,www.anvandbart.se,http://www.anvandbart.se/ab/fyra-dorrar/,article,https://res.cloudinary.com/landell/image/upload/v1612227454/aline/design-empty-state.jpg,Adriana Aazami,https://lh3.googleusercontent.com/-r9VOpq2Zo34/AAAAAAAAAAI/AAAAAAAAAAA/AMZuuckwsJ1nVXD-E1u5WbjzoZk1ysojRA/s96-c/photo.jpg,"[""Design"",""User experience""]",601930ddc15a0cd9e3be7982
601259ed66f278522ee18b8c,beginners guide to seo,Computing,moz.com,https://moz.com/beginners-guide-to-seo,url,https://res.cloudinary.com/landell/image/upload/v1612226268/aline/tech-empty-state.jpg,Emanuel Ländell,https://lh3.googleusercontent.com/a-/AOh14GjRhY1WQCRfYfql7yXgfF2ySrVQ7u0qm6m-o3St9CkBvBawIXy3yDcjLUHSPVyTGLdb3UGlzcGBQbmpB-i71FoCXrfpWYqy9xTrp-XURQNl0wc4k2ziRnBsljqjqnAJdqJohrRPChZaZD6vyy_20hAAaDt2WWpZwJ0pOGoQ4Z_p5UPfEt23g1z4Q6pDC5lpL4_MgxpIn7PKz0vU3KvSiN6TD1G-twkoYF8KCoKzhZ7QvS_jgrNsf9d6R7h4olM7ZM7_0N3bSLZUn2CpPF7ivBJwrg685XxCMHIrw_K96W5AbGQH0WoOtILXdEieEPieOXnsk43TUm0zYzLqPU3E7rB0CkelK3iwvafUTyz9DqTJvQRTz7ZKhMubANitkW_-8xiDZsF83CyS9RUh8WTpUXfUmFjw3t5Xu3hhyLz-5wFuXwRCR0mkI315Sj9NTtJM9b7ocdbNHYXpn7H5sEDLkdZLH5kvjY07AmN-vOluMfOWUiIbsJ7UwKqwaCPZEDWN37o3940l6PS0siYruO4ND-Wr-IKUicTmINSQB_cOk4JaaSOQBiFiw9ri3U3Fv5S2-g0FupFuAT_Af3prI5gaf9E7vUHTbw14jZAd7lJb_tt0R88bR5EnebkqtTetsmKhx-x08DPqdkb4OU7W3d2BkpcKn1m39xUgOyVnkO74WU0d3YEw1_NIo_Fgo2OSeEvL3y0PpTk4Mgdht0NBfmQ9kwWEc04UCZ7I1TutOnOGd8afxWSIVHsffE49wBY3nGkplEwJYA=s96-c,"[""Computing"",""Computer science""]",601930f0c15a0c26e5be7983
6012ae91766c623cd935d6e0,5 cognitive psychology theories that contribute to the quality of ux design,Design,uxmag.com,https://uxmag.com/articles/5-cognitive-psychology-theories-that-contribute-to-the-quality-of-ux-design,url,https://res.cloudinary.com/landell/image/upload/v1612227454/aline/design-empty-state.jpg,Adriana Aazami,https://lh3.googleusercontent.com/-r9VOpq2Zo34/AAAAAAAAAAI/AAAAAAAAAAA/AMZuuckwsJ1nVXD-E1u5WbjzoZk1ysojRA/s96-c/photo.jpg,"[""-"",""-""]",60193100c15a0ca578be7984
6019802768b7fbe259b0243d,Avsnitt 65 – En Studie i börspsykologi – Game of stocks,Social sciences,gameofstocks.nu,https://gameofstocks.nu/avsnitt-65-en-studie-i-borspsykologi/,url,https://i2.wp.com/gameofstocks.nu/wp-content/uploads/2019/12/logga-mörk-cropped.jpg?fit=508%2C508&ssl=1,Emanuel Ländell,https://lh3.googleusercontent.com/a-/AOh14GhTlH_qvRFPiGN_ad-BEFnYl4elKmVHF7AENl7w=s96-c,"[""Social sciences"",""Economics""]",6019802b6775af2dd56061c4
601a0c0527761451fd536679,a16z Podcast: Improv’ing Leadership,Social sciences,a16z.simplecast.com,https://a16z.simplecast.com/episodes/a16z-podcast-improving-leadership,podcast,https://res.cloudinary.com/landell/image/upload/aline/business-empty-state.jpg,Emanuel Ländell,https://lh3.googleusercontent.com/a-/AOh14Gi1dTBpYKIvmW__ycXxPbDABWdGu-4Xe33xvpP2=s96-c,"[""Social sciences"",""Business""]",601a0c0952c5e6e2f2de86bf
601a862b4491610208352253,"Creativity, Inc.: Overcoming the Unseen Forces That Stand in the Way of True Inspiration by Ed Catmull",Social sciences,www.goodreads.com,https://www.goodreads.com/book/show/18077903-creativity-inc,url,https://i.gr-assets.com/images/S/compressed.photo.goodreads.com/books/1400863577l/18077903.jpg,Emanuel Ländell,https://lh3.googleusercontent.com/a-/AOh14GhTlH_qvRFPiGN_ad-BEFnYl4elKmVHF7AENl7w=s96-c,"[""Social sciences"",""Business""]",601a862e5ebdcb6b80160c64
601b356b0db29719b6fbaf4f,"Elon Musk Accidentally Reveals His ""SECRET HACK"" In An Interview",Engineering,youtu.be,https://youtu.be/RtIozaY_6Ps,clip,https://upload.wikimedia.org/wikipedia/commons/thumb/a/ae/YouTube_2020.png/1024px-YouTube_2020.png,Emanuel Ländell,https://lh3.googleusercontent.com/a-/AOh14Gi1dTBpYKIvmW__ycXxPbDABWdGu-4Xe33xvpP2=s96-c,"[""Engineering"",""Systems engineering""]",601b356e871a8bfd1f9e6ccb
601c02a69f87e43a37ebb5c4,Scrum at Microsoft: See the TFS Agile Team do a Scrum (aka Stand Up) - Long,Computing,dai.ly,https://dai.ly/x2n9ryh,clip,https://s2.dmcdn.net/v/9YRJ91LDE2y89QNhh/x1080,Emanuel Ländell,https://lh3.googleusercontent.com/a-/AOh14Gi1dTBpYKIvmW__ycXxPbDABWdGu-4Xe33xvpP2=s96-c,"[""Computing"",""Computer science""]",601c02abda674a31467d2684
601c30f607d0d1452ea2a323,"""Building Security Into an Agile Internet-banking Project"" by Anton Keks - YouTube",Engineering,youtu.be,https://youtu.be/TR3r_y58LZo,clip,https://0701.static.prezi.com/preview/v2/4qrlmzh3bpkz2a5neehpnch2pd6jc3sachvcdoaizecfr3dnitcq_3_0.png,Emanuel Ländell,https://lh3.googleusercontent.com/a-/AOh14Gi1dTBpYKIvmW__ycXxPbDABWdGu-4Xe33xvpP2=s96-c,"[""Engineering"",""Systems engineering""]",601c30f9bf2ae285d6d028cb
601c5889bec7bbccdb700164,two rules you need strike it big stock market,Social sciences,tradevenue.se,https://tradevenue.se/Sprezzaturian/two-rules-you-need-strike-it-big-stock-market,article,https://res.cloudinary.com/landell/image/upload/aline/finance-empty-state.jpg,Emanuel Ländell,https://lh3.googleusercontent.com/a-/AOh14Gi1dTBpYKIvmW__ycXxPbDABWdGu-4Xe33xvpP2=s96-c,"[""Social sciences"",""Economics""]",601c588f0d17c938e9427002
601c75a31a2d6138f18da96f,A guide to collaborative leadership,Social sciences,www.ted.com,https://www.ted.com/talks/lorna_davis_a_guide_to_collaborative_leadership,clip,https://image-cdn.hypb.st/https%3A%2F%2Fhypebeast.com%2Fimage%2F2019%2F04%2Ftedx-portland-nike-air-trainer-1-exclusive-collab-00.jpg?q=90&w=1400&cbr=1&fit=max,Emanuel Ländell,https://lh3.googleusercontent.com/a-/AOh14Gi1dTBpYKIvmW__ycXxPbDABWdGu-4Xe33xvpP2=s96-c,"[""Social sciences"",""Communication""]",601c75a6f30e0d458244b956
601c76cc1a2d6180e88da970,My Journey Learning ML and AI through Self Study,Computing,youtu.be,https://youtu.be/iN7cAHpBA9s,clip,https://upload.wikimedia.org/wikipedia/commons/thumb/a/ae/YouTube_2020.png/1024px-YouTube_2020.png,Emanuel Ländell,https://lh3.googleusercontent.com/a-/AOh14Gi1dTBpYKIvmW__ycXxPbDABWdGu-4Xe33xvpP2=s96-c,"[""Computing"",""Computer science""]",601c76cdf30e0d7f2b44b957
601c7cf7d7ec024106cc5311,"Disruptive Innovation w/ Cathie Wood | The Investor's Podcast Network",Social sciences,www.theinvestorspodcast.com,https://www.theinvestorspodcast.com/episodes/tip334-disruptive-innovation-w-cathie-wood/,podcast,https://1nodld1ltmqu3jimmy2xsgcu-wpengine.netdna-ssl.com/wp-content/uploads/2021/01/334-catherine-wood-optimized.webp,Emanuel Ländell,https://lh3.googleusercontent.com/a-/AOh14Gi1dTBpYKIvmW__ycXxPbDABWdGu-4Xe33xvpP2=s96-c,"[""Social sciences"",""Economics""]",601c7cfa725aea8d3eb6eec4
601de5a4f1f7a7807c774c42,Gamification to improve our world: Yu-kai Chou at TEDxLausanne - YouTube,Design,youtu.be,https://youtu.be/v5Qjuegtiyc,clip,https://upload.wikimedia.org/wikipedia/commons/thumb/a/ae/YouTube_2020.png/1024px-YouTube_2020.png,Emanuel Ländell,https://lh3.googleusercontent.com/a-/AOh14Gi1dTBpYKIvmW__ycXxPbDABWdGu-4Xe33xvpP2=s96-c,"[""Design"",""User experience""]",601de5a7ec0ccdad83779a39
601de85cf1f7a767ea774c43,5 little-talked-about tips for planning your fundraise | by Ashley Lundström | eqtventures | Medium,Social sciences,medium.com,https://medium.com/eqtventures/5-little-talked-about-tips-for-planning-your-fundraise-d651ed116a2a,article,https://res.cloudinary.com/landell/image/upload/aline/business-empty-state.jpg,Emanuel Ländell,https://lh3.googleusercontent.com/a-/AOh14Gi1dTBpYKIvmW__ycXxPbDABWdGu-4Xe33xvpP2=s96-c,"[""Social sciences"",""Business""]",601de85eec0ccd33eb779a3a
601f52cf9280271733ec26af,Reddit CTO: Stick to Boring Tech when Building Your Startup – The New Stack,Engineering,thenewstack.io,https://thenewstack.io/reddit-cto-sxsw-stick-boring-tech-building-start/,article,https://res.cloudinary.com/landell/image/upload/aline/tech-empty-state.jpg,Emanuel Ländell,https://lh3.googleusercontent.com/a-/AOh14Gi1dTBpYKIvmW__ycXxPbDABWdGu-4Xe33xvpP2=s96-c,"[""Engineering"",""Systems engineering""]",601f52d429d1b3534cd573a1
601f5d962d196f7dffc8e45c,Amy Cuddy: Your body language may shape who you are | TED Talk,Social sciences,www.ted.com,https://www.ted.com/talks/amy_cuddy_your_body_language_may_shape_who_you_are,clip,https://res.cloudinary.com/landell/image/upload/aline/business-empty-state.jpg,Emanuel Ländell,https://lh3.googleusercontent.com/a-/AOh14Gi1dTBpYKIvmW__ycXxPbDABWdGu-4Xe33xvpP2=s96-c,"[""Social sciences"",""Communication""]",601f5db42d596084394cb5e5
601f7c318b335d32a4d4cf34,"How to Make an Indie Game Trailer | Game Maker's Toolkit - YouTube",Design,youtu.be,https://youtu.be/4CSYA9R70R8,clip,https://upload.wikimedia.org/wikipedia/commons/thumb/a/ae/YouTube_2020.png/1024px-YouTube_2020.png,Emanuel Ländell,https://lh3.googleusercontent.com/a-/AOh14Gi1dTBpYKIvmW__ycXxPbDABWdGu-4Xe33xvpP2=s96-c,"[""Design"",""-""]",601f7c35db3c0e16367bde2b
601fdcfb79466d116913d91e,The End of the Beginning - Andreessen Horowitz’ Benedict Evans,Social sciences,youtu.be,https://youtu.be/RF5VIwDYIJk,clip,https://upload.wikimedia.org/wikipedia/commons/thumb/a/ae/YouTube_2020.png/1024px-YouTube_2020.png,Emanuel Ländell,https://lh3.googleusercontent.com/a-/AOh14Gi1dTBpYKIvmW__ycXxPbDABWdGu-4Xe33xvpP2=s96-c,"[""Social sciences"",""Business""]",601fdcfeb3e5f26a29ff6293
602016ffb736e367a52bae36,"Building Recommender Systems with Machine Learning and AI Online Class | LinkedIn Learning, formerly Lynda.com",Computing,www.linkedin.com,https://www.linkedin.com/learning/building-recommender-systems-with-machine-learning-and-ai?trk=share_android_course_learning,course,https://njedge.net/wp-content/uploads/2019/11/linkedin-learning-logo-png-1.png,Emanuel Ländell,https://lh3.googleusercontent.com/a-/AOh14Gi1dTBpYKIvmW__ycXxPbDABWdGu-4Xe33xvpP2=s96-c,"[""Computing"",""Computer science""]",60201702467790131d92e4f5
60213d7b4bd97981a0755a91,Importance of Grid Systems in Graphic Design [Tips & History] | Designlab,Design,trydesignlab.com,https://trydesignlab.com/blog/grids-ui-ux-graphic-design-quick-history-5-amazing-tips/,article,https://res.cloudinary.com/landell/image/upload/aline/design-empty-state.jpg,Adriana Aazami,https://lh3.googleusercontent.com/a-/AOh14GiZ_XEefR93-6jOOuBgEhSQMdZ-8D3jg1-sG-L_=s96-c,"[""Design"",""User interface""]",60213d7f6e2330078cfea793
60215b313e28d5bcf0e3c487,15 Ways Behavior Can Change,Social sciences,www.behaviorgrid.org,https://www.behaviorgrid.org/,article,"https://static.wixstatic.com/media/620186_1868aa9b3541483aad993d981680136e~mv2_d_4266_3200_s_4_2.jpg/v1/fill/w_750,h_563,al_c,q_85,usm_0.66_1.00_0.01/FBG%20-%20with%20examples.webp",Innocent Mugenga,https://lh3.googleusercontent.com/a-/AOh14Ggr04nFnPY4i25tGRmDi6IK65ZtAA3kg2NFhTrQ=s96-c,"[""Social sciences"",""-""]",60215b35b08af4e1bd1a2159
60215c443e28d5386de3c488,Solving the puzzle of professional education | by Sana Labs | Medium,-,medium.com,https://medium.com/@sanalabs/solving-the-puzzle-of-professional-education-b89b8ddef93f,article,https://res.cloudinary.com/landell/image/upload/aline/business-empty-state.jpg,Innocent Mugenga,https://lh3.googleusercontent.com/a-/AOh14Ggr04nFnPY4i25tGRmDi6IK65ZtAA3kg2NFhTrQ=s96-c,"[""-"",""-""]",60215c46b08af44f231a215a
60216e4035b102464c2e53ac,What is an API Gateway?,Computing,www.youtube.com,https://www.youtube.com/watch?v=hYgP0cBORVg,clip,https://upload.wikimedia.org/wikipedia/commons/thumb/a/ae/YouTube_2020.png/1024px-YouTube_2020.png,Emanuel Ländell,https://lh3.googleusercontent.com/a-/AOh14Gi1dTBpYKIvmW__ycXxPbDABWdGu-4Xe33xvpP2=s96-c,"[""Computing"",""Computer software""]",60216e45785cc38f9e703512
60216edf35b10213fb2e53ad,First Principles: The Building Blocks of True Knowledge,-,fs.blog,https://fs.blog/2018/04/first-principles/,article,https://149366099.v2.pressablecdn.com/wp-content/uploads/2018/04/first-principles-white.jpg,Innocent Mugenga,https://lh3.googleusercontent.com/a-/AOh14Ggr04nFnPY4i25tGRmDi6IK65ZtAA3kg2NFhTrQ=s96-c,"[""-"",""-""]",60216ee684366e435c9d826f
6021724635b10289752e53ae,"The Reskilling Revolution: Better Skills, Better Jobs, Better Education for a Billion People by 2030  > Press releases | World Economic Forum",Social sciences,www.weforum.org,https://www.weforum.org/press/2020/01/the-reskilling-revolution-better-skills-better-jobs-better-education-for-a-billion-people-by-2030/,article,https://res.cloudinary.com/landell/image/upload/aline/business-empty-state.jpg,Stephanie Darvill,https://lh3.googleusercontent.com/a-/AOh14GjO8ojLPSyWYMtFXitpckQOKsWc35CYgEopnP5P=s96-c,"[""Social sciences"",""-""]",6021724afb65587fa28c3972
602178112a3cb62e602c6cba,Atomic Habits - Stephen Bierley | Podcast on Spotify,Social sciences,open.spotify.com,https://open.spotify.com/episode/02onbaaBkR6ckkQQ9HppGC?si=kXuijl95RfecZptT7pwFpA,podcast,https://files.builder.misssite.com/1a/f1/1af12ffd-19b0-4947-842d-e927c684c920.png,Stephanie Darvill,https://lh3.googleusercontent.com/a-/AOh14GjO8ojLPSyWYMtFXitpckQOKsWc35CYgEopnP5P=s96-c,"[""Social sciences"",""-""]",60217814fb655862818c3974
60218bff95fca4c58a68d3fa,Roger Martin: Forward Thinking [The Knowledge Project Ep. #97],-,fs.blog,https://fs.blog/knowledge-project/roger-martin/,url,https://i.ytimg.com/vi/gmn2c5hrUmI/maxresdefault.jpg,Innocent Mugenga,https://lh3.googleusercontent.com/a-/AOh14Ggr04nFnPY4i25tGRmDi6IK65ZtAA3kg2NFhTrQ=s96-c,"[""-"",""-""]",60218c00d72103af6925060d
60218c509323a65124c493a1,"Platforms, Ecosystems, and Aggregators - Colossus",Technology,www.joincolossus.com,https://www.joincolossus.com/episodes/91241527/thompson-platforms-ecosystems-and-aggregators,url,https://06831colossus1.blob.core.windows.net/dev-episode/Ben-Thompson.png,Innocent Mugenga,https://lh3.googleusercontent.com/a-/AOh14Ggr04nFnPY4i25tGRmDi6IK65ZtAA3kg2NFhTrQ=s96-c,"[""-"",""-""]",60218c559a9cf3c1d040e0ec
6022750e0c6b0d6fb800904b,"Hans Rosling: The best stats you've ever seen | TED Talk",Social sciences,www.ted.com,https://www.ted.com/talks/hans_rosling_the_best_stats_you_ve_ever_seen,clip,https://res.cloudinary.com/landell/image/upload/aline/business-empty-state.jpg,Emanuel Ländell,https://lh3.googleusercontent.com/a-/AOh14Gi1dTBpYKIvmW__ycXxPbDABWdGu-4Xe33xvpP2=s96-c,"[""Social sciences"",""Education""]",60227510a0c41bd1a8018709
6022ca7763402619aa936ed6,Speed Study Secrets (Not Taught In School),Social sciences,podcasts.google.com,https://podcasts.google.com/?feed=aHR0cHM6Ly9rd2lrYnJhaW4ubGlic3luLmNvbS9yc3M&ep=14&episode=NDY3ZTEwNjM5YzAxNjA5NTAwN2M0NDRmY2MwYzVkMjAä,podcast,https://images.unsplash.com/photo-1605781231474-f60dea478e8a?crop=entropy&cs=tinysrgb&fit=max&fm=jpg&ixid=MXwyMDU1Njl8MHwxfHNlYXJjaHwxfHxTb2NpYWwlMjBzY2llbmNlc3xlbnwwfDB8fA&ixlib=rb-1.2.1&q=80&w=400,Emanuel Ländell,https://lh3.googleusercontent.com/a-/AOh14Gi1dTBpYKIvmW__ycXxPbDABWdGu-4Xe33xvpP2=s96-c,"[""Social sciences"",""Education""]",6022ca7ad0985d4d48db6879
6023b9bd1509184e660f067c,On B2B2C Business Models - Andreessen Horowitz,-,a16z.com,https://a16z.com/2018/05/17/b2b2c-business-models-rampell/,article,https://images.unsplash.com/photo-1565991950406-53aae8244a74?crop=entropy&cs=tinysrgb&fit=max&fm=jpg&ixid=MXwyMDU1Njl8MHwxfHNlYXJjaHwxfHwtfGVufDB8MHx8&ixlib=rb-1.2.1&q=80&w=400,Innocent Mugenga,https://lh3.googleusercontent.com/a-/AOh14Ggr04nFnPY4i25tGRmDi6IK65ZtAA3kg2NFhTrQ=s96-c,"[""-"",""-""]",6023b9c1c3f58d4f92d20e9d
6023d8f7f9c3e213be709ddd,Celeste Headlee: 10 ways to have a better conversation | TED Talk,Social sciences,www.ted.com,https://www.ted.com/talks/celeste_headlee_10_ways_to_have_a_better_conversation,url,https://images.unsplash.com/photo-1605781231474-f60dea478e8a?crop=entropy&cs=tinysrgb&fit=max&fm=jpg&ixid=MXwyMDU1Njl8MHwxfHNlYXJjaHwxfHxTb2NpYWwlMjBzY2llbmNlc3xlbnwwfDB8fA&ixlib=rb-1.2.1&q=80&w=400,Emanuel Ländell,https://lh3.googleusercontent.com/a-/AOh14Gi1dTBpYKIvmW__ycXxPbDABWdGu-4Xe33xvpP2=s96-c,"[""Social sciences"",""Communication""]",6023d8fa45c43a932b6ae3c4
602414c77c766165192dffe9,Learning a language? Speak it like you’re playing a video game | Marianna Pascal | TEDxPenangRoad,Social sciences,www.youtube.com,https://www.youtube.com/watch?v=Ge7c7otG2mk,clip,"https://cdn.shortpixel.ai/client/q_glossy,ret_img,w_570/https://www.mariannapascal.com/wp-content/uploads/2020/03/talk.jpg",Emanuel Ländell,https://lh3.googleusercontent.com/a-/AOh14Gi1dTBpYKIvmW__ycXxPbDABWdGu-4Xe33xvpP2=s96-c,"[""Social sciences"",""Linguistics""]",602414ca18ba0b129dc0c00a
602452311e18eb46a4177b90,"TIP268: Small Cap Investing w/ David Flood - The Investor's Podcast Network",Social sciences,www.theinvestorspodcast.com,www.theinvestorspodcast.com/episodes/tip268-small-cap-investing-w-david-flood,podcast,https://1nodld1ltmqu3jimmy2xsgcu-wpengine.netdna-ssl.com/wp-content/uploads/2019/11/268-David-Flood-1200x1200.png,Emanuel Ländell,https://lh3.googleusercontent.com/a-/AOh14Gi1dTBpYKIvmW__ycXxPbDABWdGu-4Xe33xvpP2=s96-c,"[""Social sciences"",""Economics""]",60245237a13a5324f4d196c2
60251be46ae6ed652a2db0ba,How to do due diligence on investors | by Sanna Westman | Creandum,Social sciences,blog.creandum.com,https://blog.creandum.com/how-to-do-due-diligence-on-investors-9f51a17860aa,url,https://res.cloudinary.com/landell/image/upload/aline/business-empty-state.jpg,Emanuel Ländell,https://lh3.googleusercontent.com/a-/AOh14Gi1dTBpYKIvmW__ycXxPbDABWdGu-4Xe33xvpP2=s96-c,"[""Social sciences"",""Business""]",60251be827ee4ecd2323633e
60252cb446363f4c6a9321a6,"You're Going to Forget 50% of What You Just Learned in an Hour. Here's the Smart Way to Change That.",-,www.entrepreneur.com,https://www.entrepreneur.com/article/363269,article,https://images.unsplash.com/photo-1565991950406-53aae8244a74?crop=entropy&cs=tinysrgb&fit=max&fm=jpg&ixid=MXwyMDU1Njl8MHwxfHNlYXJjaHwxfHwtfGVufDB8MHx8&ixlib=rb-1.2.1&q=80&w=400,Innocent Mugenga,https://lh3.googleusercontent.com/a-/AOh14Ggr04nFnPY4i25tGRmDi6IK65ZtAA3kg2NFhTrQ=s96-c,"[""-"",""-""]",60252cb7e4e0c87aff5a984f
602541790b4b4f31837aad9a,"Spotify's Algorithm – djinit.ai",Computing,djinit-ai.github.io,https://djinit-ai.github.io/2020/04/16/Spotify%27s-algorithm.html,article,https://res.cloudinary.com/landell/image/upload/aline/tech-empty-state.jpg,Emanuel Ländell,https://lh3.googleusercontent.com/a-/AOh14Gi1dTBpYKIvmW__ycXxPbDABWdGu-4Xe33xvpP2=s96-c,"[""Computing"",""Computer science""]",6025417c07f6f7b068377942
6025a97f02f4c459cc019289,Term Sheet Archives - Feld Thoughts,Social sciences,feld.com,https://feld.com/archives/category/term-sheet,url,https://res.cloudinary.com/landell/image/upload/aline/business-empty-state.jpg,Emanuel Ländell,https://lh3.googleusercontent.com/a-/AOh14Gi1dTBpYKIvmW__ycXxPbDABWdGu-4Xe33xvpP2=s96-c,"[""Social sciences"",""Business""]",6025a982ebb483ea3d4c7c47
6025b5def5b9dd36140a5038,SHAREHOLDER LETTERS,Social sciences,www.berkshirehathaway.com,https://www.berkshirehathaway.com/letters/letters.html,url,https://images.unsplash.com/photo-1485811055483-1c09e64d4576?crop=entropy&cs=tinysrgb&fit=max&fm=jpg&ixid=MXwyMDU1Njl8MHwxfHNlYXJjaHwxfHxTb2NpYWwlMjBzY2llbmNlcyUyMChnZW5lcmFsJTIwcmVmZXJlbmNlcyl8ZW58MHwwfHw&ixlib=rb-1.2.1&q=80&w=400,Emanuel Ländell,https://lh3.googleusercontent.com/a-/AOh14Gi1dTBpYKIvmW__ycXxPbDABWdGu-4Xe33xvpP2=s96-c,"[""Social sciences"",""Social sciences (general references)""]",6025b5e04ddce48fb267e15c
6025c7b7cf41dadf81e49029,DoorDash from application to IPO,Social sciences,blog.ycombinator.com,https://blog.ycombinator.com/doordash-from-application-to-ipo/,article,https://res.cloudinary.com/landell/image/upload/aline/business-empty-state.jpg,Emanuel Ländell,https://lh3.googleusercontent.com/a-/AOh14Gi1dTBpYKIvmW__ycXxPbDABWdGu-4Xe33xvpP2=s96-c,"[""Social sciences"",""Business""]",6025c7ba4a89af5e8cd1364a
6025e6f09a84ac1179e6ccc9,Web Content Mining - Web Mining,Computing,www.cs.uic.edu,https://www.cs.uic.edu/~liub/WebContentMining.html,article,https://res.cloudinary.com/landell/image/upload/aline/tech-empty-state.jpg,Emanuel Ländell,https://lh3.googleusercontent.com/a-/AOh14Gi1dTBpYKIvmW__ycXxPbDABWdGu-4Xe33xvpP2=s96-c,"[""Computing"",""Computer programming""]",6025e6f41aab6d4988fd302d
6025fa6973a0b821ce641ff6,Google’s 200 Ranking Factors: The Complete List (2021),Social sciences,backlinko.com,https://backlinko.com/google-ranking-factors,article,https://res.cloudinary.com/landell/image/upload/aline/business-empty-state.jpg,Emanuel Ländell,https://lh3.googleusercontent.com/a-/AOh14Gi1dTBpYKIvmW__ycXxPbDABWdGu-4Xe33xvpP2=s96-c,"[""Social sciences"",""Business""]",6025fa6c3af19fec73034c52
6026f72b9ca86c5536cbbd46,Introducing Working From Anywhere – HR Blog,-,hrblog-spotify-com.cdn.ampproject.org,https://hrblog-spotify-com.cdn.ampproject.org/c/s/hrblog.spotify.com/2021/02/12/introducing-working-from-anywhere/amp/,article,https://images.unsplash.com/photo-1565991950406-53aae8244a74?crop=entropy&cs=tinysrgb&fit=max&fm=jpg&ixid=MXwyMDU1Njl8MHwxfHNlYXJjaHwxfHwtfGVufDB8MHx8&ixlib=rb-1.2.1&q=80&w=400,Innocent Mugenga,https://lh3.googleusercontent.com/a-/AOh14Ggr04nFnPY4i25tGRmDi6IK65ZtAA3kg2NFhTrQ=s96-c,"[""-"",""-""]",6026f72f3a8526060112aca3
602807b3db8a00c30d469759,"20VC: Scaling to a $1.3Bn Valuation While in Stealth, The Power of Different Network Effects Within Payment Platforms & How To Leverage Your Board and Investor Base for the Most Value with Matan Bar, Founder & CEO @ Melio - Harry Stebbings | Entrepreneur | Investor | Blogger | Podcast on Spotify",Social sciences,open.spotify.com,https://open.spotify.com/episode/1DKR90jcere36Ir76kIGLz,podcast,https://res.cloudinary.com/landell/image/upload/aline/business-empty-state.jpg,Emanuel Ländell,https://lh3.googleusercontent.com/a-/AOh14Gi1dTBpYKIvmW__ycXxPbDABWdGu-4Xe33xvpP2=s96-c,"[""Social sciences"",""Business""]",602807b7cf9ddf9b37e8a453
6028272f4c6de1f40da6eb34,Malcom Larri: Self Leadership Principles,Social sciences,youtu.be,https://youtu.be/uY4J1679tWE,clip,https://images.unsplash.com/photo-1611153390593-2002becd1fc4?crop=entropy&cs=tinysrgb&fit=max&fm=jpg&ixid=MXwyMDU1Njl8MXwxfHNlYXJjaHwxfHxDb21tdW5pY2F0aW9ufGVufDB8MHx8&ixlib=rb-1.2.1&q=80&w=400,Emanuel Ländell,https://lh3.googleusercontent.com/a-/AOh14Gi1dTBpYKIvmW__ycXxPbDABWdGu-4Xe33xvpP2=s96-c,"[""Social sciences"",""Communication""]",602827324b685a2cb9101e3a
6028f6e33fd72f701725b7b0,Elon Musk On the Problem With Corporate America,Social sciences,youtu.be,https://youtu.be/Y6P8qdanszw,clip,https://images.unsplash.com/photo-1503676260728-1c00da094a0b?crop=entropy&cs=tinysrgb&fit=max&fm=jpg&ixid=MXwyMDU1Njl8MHwxfHNlYXJjaHwxfHxFZHVjYXRpb258ZW58MHwwfHw&ixlib=rb-1.2.1&q=80&w=400,Emanuel Ländell,https://lh3.googleusercontent.com/a-/AOh14Gi1dTBpYKIvmW__ycXxPbDABWdGu-4Xe33xvpP2=s96-c,"[""Social sciences"",""Education""]",6028f6e665ac9e7cbcd1d4c0
60295ac7dfc8833e1e65613c,Stock Market Explained | FULL EPISODE | Netflix,Social sciences,youtu.be,https://youtu.be/W-9vb_-qzaQ,clip,https://images.unsplash.com/photo-1526304640581-d334cdbbf45e?crop=entropy&cs=tinysrgb&fit=max&fm=jpg&ixid=MXwyMDU1Njl8MHwxfHNlYXJjaHwxfHxFY29ub21pY3N8ZW58MHwwfHw&ixlib=rb-1.2.1&q=80&w=400,Emanuel Ländell,https://lh3.googleusercontent.com/a-/AOh14Gi1dTBpYKIvmW__ycXxPbDABWdGu-4Xe33xvpP2=s96-c,"[""Social sciences"",""Economics""]",60295acaf258f88977b8d709
60295f0294743e6c152ac7bc,Mark Cuban: Listening to Customers Is Overrated - Shark Tank,Social sciences,youtu.be,https://youtu.be/DrEiPvNfRmE,clip,https://upload.wikimedia.org/wikipedia/commons/thumb/7/70/Shark_Tank_TV_logo.svg/600px-Shark_Tank_TV_logo.svg.png,Emanuel Ländell,https://lh3.googleusercontent.com/a-/AOh14Gi1dTBpYKIvmW__ycXxPbDABWdGu-4Xe33xvpP2=s96-c,"[""Social sciences"",""Business""]",60295f034e3f2d30be6b8aca
6029b8bdb9c92ba330a3fe14,Mental Models Used by Billionaires with Sahil Bloom | TIP Network,Social sciences,www.theinvestorspodcast.com,https://www.theinvestorspodcast.com/episodes/mental-models-sahil-bloom/,podcast,https://1nodld1ltmqu3jimmy2xsgcu-wpengine.netdna-ssl.com/wp-content/uploads/2021/02/336-sahil-bloom-optimized-1.jpg,Emanuel Ländell,https://lh3.googleusercontent.com/a-/AOh14Gi1dTBpYKIvmW__ycXxPbDABWdGu-4Xe33xvpP2=s96-c,"[""Social sciences"",""Education""]",6029b8bf261e93fed6a9ca5a
602a63ccaec8f80cefbc92da,"Van Westendorp's Price Sensitivity Meter - Wikipedia",Social sciences,en.m.wikipedia.org,https://en.m.wikipedia.org/wiki/Van_Westendorp%27s_Price_Sensitivity_Meter,article,https://images.unsplash.com/photo-1526304640581-d334cdbbf45e?crop=entropy&cs=tinysrgb&fit=max&fm=jpg&ixid=MXwyMDU1Njl8MHwxfHNlYXJjaHwxfHxFY29ub21pY3N8ZW58MHwwfHw&ixlib=rb-1.2.1&q=80&w=400,Emanuel Ländell,https://lh3.googleusercontent.com/a-/AOh14Gi1dTBpYKIvmW__ycXxPbDABWdGu-4Xe33xvpP2=s96-c,"[""Social sciences"",""Economics""]",602a63d1aba9ff7a9ada002f
602bf7cfcc862f60a349b8bb,Dana Kanze: The real reason female entrepreneurs get less funding | TED Talk Subtitles and Transcript | TED,Social sciences,www.ted.com,https://www.ted.com/talks/dana_kanze_the_real_reason_female_entrepreneurs_get_less_funding/transcript?language=en,clip,"https://d37ecpm5it19bz.cloudfront.net/c_scale,w_800/v1/production/userfiles/txd9khxknoduwfnw7mx6.jpg",Emanuel Ländell,https://lh3.googleusercontent.com/a-/AOh14Gi1dTBpYKIvmW__ycXxPbDABWdGu-4Xe33xvpP2=s96-c,"[""Social sciences"",""Business""]",602bf7d2d02ab43cacf53b7d
602c0a144d54663f49c6be7c,Deep Neural Networks for YouTube Recommendations,Engineering,research.google.com,https://research.google.com/pubs/archive/45530.pdf,url,https://res.cloudinary.com/landell/image/upload/aline/tech-empty-state.jpg,Emanuel Ländell,https://lh3.googleusercontent.com/a-/AOh14Gi1dTBpYKIvmW__ycXxPbDABWdGu-4Xe33xvpP2=s96-c,"[""Engineering"",""Systems engineering""]",602c0a1588a47a87c8745bc7
602c29745947c451e49e5244,"Michelle Obama's Best Advice For Students | How To Succeed In Life - YouTube",Social sciences,youtu.be,https://youtu.be/VxW5D5VPg_0,clip,https://res.cloudinary.com/landell/image/upload/aline/business-empty-state.jpg,Emanuel Ländell,https://lh3.googleusercontent.com/a-/AOh14GhUs7RCOYUH3gja-eh0nU5arnjSW2bagVW2TPSQLw=s96-c,"[""Social sciences"",""Business""]",602c29773b1a3604fcd3a0c3
602c2bca5947c4cec59e5245,MasterClass Live with Sara Blakely | MasterClass - YouTube,Social sciences,www.youtube.com,https://www.youtube.com/watch?v=ml35J1s0gCI,clip,https://upload.wikimedia.org/wikipedia/commons/thumb/a/ae/YouTube_2020.png/1024px-YouTube_2020.png,Emanuel Ländell,https://lh3.googleusercontent.com/a-/AOh14GhUs7RCOYUH3gja-eh0nU5arnjSW2bagVW2TPSQLw=s96-c,"[""Social sciences"",""Business""]",602c2bcb3b1a36b3fbd3a0c4
602c31228ea0a128cc415e00,10 Inspiring Designers in Tech to Follow this Black History Month | by Jacquelyn Iyamah | Black UX Collective | Medium,Design,medium.com,https://medium.com/black-ux-collective/10-inspiring-designers-in-tech-to-follow-this-black-history-month-64ebfd6a3679,article,https://res.cloudinary.com/landell/image/upload/aline/design-empty-state.jpg,Elisabeth Changa,https://lh3.googleusercontent.com/a-/AOh14GgE4n0ZRjYqDJMPo7mMfzNOVS-myStv-8ur9PfF=s96-c,"[""Design"",""User experience""]",602c3126791fdc320ef879f1
602c4484be308318579c570e,Data Skeptic - Recommender Systems Live from FARCON 2017,Engineering,podcasts.google.com,https://podcasts.google.com/?feed=aHR0cHM6Ly9kYXRhc2tlcHRpYy5saWJzeW4uY29tL3Jzcw&ep=14&episode=YjMxOTFiOTk4YTM1YjdmYTc1YmMzMTJlZmMxYWQzODI,podcast,https://res.cloudinary.com/landell/image/upload/aline/tech-empty-state.jpg,Emanuel Ländell,https://lh3.googleusercontent.com/a-/AOh14Gi1dTBpYKIvmW__ycXxPbDABWdGu-4Xe33xvpP2=s96-c,"[""Engineering"",""Systems engineering""]",602c4487373ef7669766151b
602ceb3d9cccf14f17d9d027,Ways to never run out of ideas,-,www.fastcompany.com,https://www.fastcompany.com/90597174/do-these-5-things-and-youll-never-run-out-of-new-ideas,article,https://images.unsplash.com/photo-1565991950406-53aae8244a74?crop=entropy&cs=tinysrgb&fit=max&fm=jpg&ixid=MXwyMDU1Njl8MHwxfHNlYXJjaHwxfHwtfGVufDB8MHx8&ixlib=rb-1.2.1&q=80&w=400,Innocent Mugenga,https://lh3.googleusercontent.com/a-/AOh14Ggr04nFnPY4i25tGRmDi6IK65ZtAA3kg2NFhTrQ=s96-c,"[""-"",""-""]",602ceb40cb176d12aac9b824
602d336c0f243b476ce718b5,Evolving for the Next Billion by GGV Capital - Jenny Lee of GGV: Why EdTech is not a Winners Take All Sector,Social sciences,podcasts.google.com,https://podcasts.google.com/?feed=aHR0cHM6Ly9nZ3ZjOTk2LmxpYnN5bi5jb20vcnNz&ep=14&episode=YjdiOWM2NjItMWYyNS00ZWZiLWEzMGUtNTQ2N2M1YTYxZGFm,podcast,https://images.unsplash.com/photo-1503676260728-1c00da094a0b?crop=entropy&cs=tinysrgb&fit=max&fm=jpg&ixid=MXwyMDU1Njl8MHwxfHNlYXJjaHwxfHxFZHVjYXRpb258ZW58MHwwfHw&ixlib=rb-1.2.1&q=80&w=400,Emanuel Ländell,https://lh3.googleusercontent.com/a-/AOh14GhUs7RCOYUH3gja-eh0nU5arnjSW2bagVW2TPSQLw=s96-c,"[""Social sciences"",""Education""]",602d33701a6072b7e0b09486
602d92ebf8e91d5586aef8ca,EDTech Guys - Teacher Tech,Computing,podcasts.google.com,https://podcasts.google.com/?feed=aHR0cHM6Ly9hbmNob3IuZm0vcy9lMzgzZWJjL3BvZGNhc3QvcnNz&ep=14&episode=N2QxZmQ3MGEtYmM3Yy0xZjYwLTBlNWItYzc4NDhmYWIzMDFl,podcast,https://images.unsplash.com/photo-1503676260728-1c00da094a0b?crop=entropy&cs=tinysrgb&fit=max&fm=jpg&ixid=MXwyMDU1Njl8MHwxfHNlYXJjaHwxfHxFZHVjYXRpb258ZW58MHwwfHw&ixlib=rb-1.2.1&q=80&w=400,Emanuel Ländell,https://lh3.googleusercontent.com/a-/AOh14Gi1dTBpYKIvmW__ycXxPbDABWdGu-4Xe33xvpP2=s96-c,"[""Computing"",""Education""]",602d92f21b699e1941065a11
602e894b473703587bce54d2,GOTO 2014 | Make Sense of your Logs: From Zero to Hero in less than an Hour! | Britta Weber - YouTube,Computing,youtu.be,https://youtu.be/8vgTBIoF8zs,clip,https://upload.wikimedia.org/wikipedia/commons/thumb/a/ae/YouTube_2020.png/1024px-YouTube_2020.png,Emanuel Ländell,https://lh3.googleusercontent.com/a-/AOh14Gi1dTBpYKIvmW__ycXxPbDABWdGu-4Xe33xvpP2=s96-c,"[""Computing"",""Computer software""]",602e894e38c0fd70fdde02ef
602f666262fdf59cffd65379,The Mindset Mentor - Push Yourself a Little More,Humanities,podcasts.google.com,https://podcasts.google.com/?feed=aHR0cHM6Ly93d3cub21ueWNvbnRlbnQuY29tL2QvcGxheWxpc3QvOWI3ZGFjZGYtYTkyNS00Zjk1LTg0ZGMtYWM0NjAwMzQ1MWZmLzVjZDc0MTNjLWIzNDEtNDkzZi1iZjQ2LWFjYjUwMDM2NDE0MS82YjI1NDBkNC1lMGIyLTQyZjctYTYxYS1hY2I1MDAzNjQxNWEvcG9kY2FzdC5yc3M&ep=14&episode=ZTk4YmJjODYtNjJmMS00NDUxLWI5YzMtYWNjYzAxMDk1YzRi,podcast,https://images.unsplash.com/photo-1565991950406-53aae8244a74?crop=entropy&cs=tinysrgb&fit=max&fm=jpg&ixid=MXwyMDU1Njl8MHwxfHNlYXJjaHwxfHwtfGVufDB8MHx8&ixlib=rb-1.2.1&q=80&w=400,Sebastian Steele,https://lh3.googleusercontent.com/a-/AOh14GgbIMDgSZQXmoE2fUbqwX7uV5ihcRjpLlGwy1ylpQ=s96-c,"[""Humanities"",""-""]",602f66647a8f3136e600a592
602f9b09d0fbb1c137ef3231,5 Principles of Visual Design in UX,Design,www.nngroup.com,https://www.nngroup.com/articles/principles-visual-design/,article,https://res.cloudinary.com/landell/image/upload/aline/design-empty-state.jpg,Elisabeth Changa,https://lh3.googleusercontent.com/a-/AOh14GgE4n0ZRjYqDJMPo7mMfzNOVS-myStv-8ur9PfF=s96-c,"[""Design"",""User experience""]",602f9b0dcb80725ef5e72c5b
602f9b483a180cdf225aaeca,Why Visual Design Skills are a Must-Have for Good UX | by Sean Dexter | Medium,Design,seandexter1.medium.com,https://seandexter1.medium.com/ux-designers-visual-design-skills-arent-optional-anymore-23f9fc7077c0,url,https://res.cloudinary.com/landell/image/upload/aline/design-empty-state.jpg,Elisabeth Changa,https://lh3.googleusercontent.com/a-/AOh14GgE4n0ZRjYqDJMPo7mMfzNOVS-myStv-8ur9PfF=s96-c,"[""Design"",""User experience""]",602f9b4acb80722183e72c5c
602f9bd611f26f5cca02d771,10 Inspiring Designers in Tech to Follow this Black History Month | by Jacquelyn Iyamah | Black UX Collective | Medium,Design,medium.com,https://medium.com/black-ux-collective/10-inspiring-designers-in-tech-to-follow-this-black-history-month-64ebfd6a3679,article,https://res.cloudinary.com/landell/image/upload/aline/design-empty-state.jpg,Elisabeth Changa,https://lh3.googleusercontent.com/a-/AOh14GgE4n0ZRjYqDJMPo7mMfzNOVS-myStv-8ur9PfF=s96-c,"[""Design"",""User experience""]",602c3126791fdc320ef879f1
602f9da311f26f0aa902d773,YUX : UX-UI & Human Centered Design In Africa,Design,yux.design,https://yux.design,resource,https://res.cloudinary.com/landell/image/upload/aline/design-empty-state.jpg,Elisabeth Changa,https://lh3.googleusercontent.com/a-/AOh14GgE4n0ZRjYqDJMPo7mMfzNOVS-myStv-8ur9PfF=s96-c,"[""Design"",""User experience""]",602f9da4cb807221b8e72c5d
602fa1ced23f036335c6c554,Talent 5.0 - Taking Recruitment Practices to a New Level | Stefanie Stanislawski | TEDxUniMannheim - YouTube,Social sciences,www.youtube.com,https://www.youtube.com/watch?v=DiaZsat2rwM,clip,https://res.cloudinary.com/landell/image/upload/aline/business-empty-state.jpg,Elisabeth Changa,https://lh3.googleusercontent.com/a-/AOh14GgE4n0ZRjYqDJMPo7mMfzNOVS-myStv-8ur9PfF=s96-c,"[""Social sciences"",""Business""]",602fa1d13ba5fecdc6ae974e
602fa294d23f03bb11c6c556,Unconscious bias: Stereotypical hiring practices. | Gail Tolstoi-Miller | TEDxLincolnSquare - YouTube,Social sciences,www.youtube.com,https://www.youtube.com/watch?v=QCFb4BiDDcE,clip,https://images.unsplash.com/photo-1611153662015-c64eefbcc5eb?crop=entropy&cs=tinysrgb&fit=max&fm=jpg&ixid=MXwyMDU1Njl8MXwxfHNlYXJjaHwxfHxDb21tdW5pY2F0aW9ufGVufDB8MHx8&ixlib=rb-1.2.1&q=80&w=400,Elisabeth Changa,https://lh3.googleusercontent.com/a-/AOh14GgE4n0ZRjYqDJMPo7mMfzNOVS-myStv-8ur9PfF=s96-c,"[""Social sciences"",""Communication""]",602fa2933ba5fe2bf8ae974f
602febcb3d735f4baa685187,Leading with Data - Recommendation Engines and the Future of Analytics w/ Michael Schrage,Computing,podcasts.google.com,https://podcasts.google.com/feed/aHR0cHM6Ly9mZWVkcy5zb3VuZGVyLmZtLzgyMTcvcnNzLnhtbA/episode/YThjOTllMTItMTU3Yi00OGZlLWE3YmEtYWUyODliZmE1YWJk?ep=14,podcast,https://res.cloudinary.com/landell/image/upload/aline/tech-empty-state.jpg,Emanuel Ländell,https://lh3.googleusercontent.com/a-/AOh14Gi1dTBpYKIvmW__ycXxPbDABWdGu-4Xe33xvpP2=s96-c,"[""Computing"",""Computer science""]",602febce0d0530e385198bdf
6030142111775e2a50a5e99c,The Founder Dating Playbook,Social sciences,firstround.com,https://firstround.com/review/the-founder-dating-playbook-heres-the-process-i-used-to-find-my-co-founder/,article,https://assets.proof.pub/2056/firstround/XbzoKP7yQV6ZC5vZNMU1_Gloria-Lin_116RT%20(1).jpg,Emanuel Ländell,https://lh3.googleusercontent.com/a-/AOh14Gi1dTBpYKIvmW__ycXxPbDABWdGu-4Xe33xvpP2=s96-c,"[""Social sciences"",""Sociology""]",6030142463a97916a60290ae
60322ad852ad2d3c84992bf0,‎Influencer Marketing Talks: 5 Keys to Successful Influencer Marketing i Apple Podcasts,Social sciences,podcasts.apple.com,https://podcasts.apple.com/se/podcast/5-keys-to-successful-influencer-marketing/id1550596953?i=1000506491911,podcast,https://images.unsplash.com/photo-1485811055483-1c09e64d4576?crop=entropy&cs=tinysrgb&fit=max&fm=jpg&ixid=MXwyMDU1Njl8MHwxfHNlYXJjaHwxfHxTb2NpYWwlMjBzY2llbmNlcyUyMChnZW5lcmFsJTIwcmVmZXJlbmNlcyl8ZW58MHwwfHw&ixlib=rb-1.2.1&q=80&w=400,Elisabeth Changa,https://lh3.googleusercontent.com/a-/AOh14GgE4n0ZRjYqDJMPo7mMfzNOVS-myStv-8ur9PfF=s96-c,"[""Social sciences"",""Social sciences (general references)""]",60322ad941aa34417ad46087
6032329d1f973cf08bdd6e80,#79 Your Voice Matters with Katie Stoller of Ketchum (@katiestoller_) and Molly Tullis of Cision (@mollytullis) - Women in Influencer Marketing | Podcast on Spotify,Social sciences,open.spotify.com,https://open.spotify.com/episode/4CkyK7I06SfOok9EtapGRY?si=52hxJP38Rv6C8R-52-Wl0w,podcast,https://res.cloudinary.com/landell/image/upload/aline/business-empty-state.jpg,Elisabeth Changa,https://lh3.googleusercontent.com/a-/AOh14GgE4n0ZRjYqDJMPo7mMfzNOVS-myStv-8ur9PfF=s96-c,"[""Social sciences"",""Business""]",603232a0427be950ae689abe
603234221f973c7aeddd6e81,‎Marketing School - Digital Marketing and Online Marketing Tips: When Is Page Design More Important Than Copywriting? #1655 i Apple Podcasts,Computing,podcasts.apple.com,https://podcasts.apple.com/se/podcast/when-is-page-design-more-important-than-copywriting-1655/id1138869817?i=1000509944490,podcast,https://res.cloudinary.com/landell/image/upload/aline/tech-empty-state.jpg,Elisabeth Changa,https://lh3.googleusercontent.com/a-/AOh14GgE4n0ZRjYqDJMPo7mMfzNOVS-myStv-8ur9PfF=s96-c,"[""Computing"",""Computer science""]",60323423427be9fb9d689abf
6033a1fc65e06f891aed6fad,‎Online Marketing Made Easy with Amy Porterfield: How To Silence Your Inner Critic & Commit To Success With Jamie Kern Lima i Apple Podcasts,Social sciences,podcasts.apple.com,https://podcasts.apple.com/se/podcast/how-to-silence-your-inner-critic-commit-to-success/id594703545?i=1000510133377,podcast,https://res.cloudinary.com/landell/image/upload/aline/business-empty-state.jpg,Elisabeth Changa,https://lh3.googleusercontent.com/a-/AOh14GgE4n0ZRjYqDJMPo7mMfzNOVS-myStv-8ur9PfF=s96-c,"[""Social sciences"",""Business""]",6033a1ffadcf793e68909bcd
6033a269b518ae37b4473f3d,‎Women@work i Apple Podcasts,Social sciences,podcasts.apple.com,https://podcasts.apple.com/se/podcast/women-work/id1551605123,url,https://is3-ssl.mzstatic.com/image/thumb/Podcasts124/v4/af/ec/8b/afec8b2e-3cba-33e5-0d23-fa3333e6d470/mza_7777762817254385243.jpg/536x0w.webp,Elisabeth Changa,https://lh3.googleusercontent.com/a-/AOh14GgE4n0ZRjYqDJMPo7mMfzNOVS-myStv-8ur9PfF=s96-c,"[""Social sciences"",""Communication""]",6033a26badcf7960b9909bce
6034da27e92166611a8752a5,"Democratizing Data at Airbnb â€” Chris Williams and John Bodley, Airbnb - YouTube",Computing,youtu.be,https://youtu.be/gayXC2FDSiA,clip,https://res.cloudinary.com/landell/image/upload/aline/tech-empty-state.jpg,Emanuel Ländell,https://lh3.googleusercontent.com/a-/AOh14Gi1dTBpYKIvmW__ycXxPbDABWdGu-4Xe33xvpP2=s96-c,"[""Computing"",""Computer science""]",6034da2ab19a207be202841f
6034f7b3f170df68aeef79ee,Making Sense Podcast #238 - How to Build a Universe | Sam Harris,-,samharris.org,https://samharris.org/podcasts/238-how-to-build-a-universe/,podcast,https://images.unsplash.com/photo-1565991950406-53aae8244a74?crop=entropy&cs=tinysrgb&fit=max&fm=jpg&ixid=MXwyMDU1Njl8MHwxfHNlYXJjaHwxfHwtfGVufDB8MHx8&ixlib=rb-1.2.1&q=80&w=400,Innocent Mugenga,https://lh3.googleusercontent.com/a-/AOh14Ggr04nFnPY4i25tGRmDi6IK65ZtAA3kg2NFhTrQ=s96-c,"[""-"",""-""]",6034f7b5af0e5df9b50405d2
6035a4592ce861182c0ce47c,"30 Python Language Tricks That Will Make You a Better Coder | by Erik van Baaren | Python Land | Jan, 2021 | Medium",Computing,medium.com,https://medium.com/pythonland/30-python-language-tricks-that-will-make-you-a-better-coder-f08f811a7b0f,article,https://res.cloudinary.com/landell/image/upload/aline/tech-empty-state.jpg,Emanuel Ländell,https://lh3.googleusercontent.com/a-/AOh14Gi1dTBpYKIvmW__ycXxPbDABWdGu-4Xe33xvpP2=s96-c,"[""Computing"",""Computer programming""]",6035a45dcf977d6c262232f0
603637788d03a6344fb7c639,"Top Interview Tips: Common Questions, Body Language & More - YouTube",Social sciences,www.youtube.com,https://www.youtube.com/watch?v=HG68Ymazo18,clip,https://res.cloudinary.com/landell/image/upload/aline/business-empty-state.jpg,Elisabeth Changa,https://lh3.googleusercontent.com/a-/AOh14GgE4n0ZRjYqDJMPo7mMfzNOVS-myStv-8ur9PfF=s96-c,"[""Social sciences"",""Business""]",6036377bccb91542286b6d20
60363b4c08d6679ad3dedaf1,What will the future of jobs be like? - YouTube,Social sciences,www.youtube.com,https://www.youtube.com/watch?v=eH1fFdjzJAw,clip,https://res.cloudinary.com/landell/image/upload/aline/business-empty-state.jpg,Elisabeth Changa,https://lh3.googleusercontent.com/a-/AOh14GgE4n0ZRjYqDJMPo7mMfzNOVS-myStv-8ur9PfF=s96-c,"[""Social sciences"",""Business""]",60363b4c1bcffc3d644483f0
60363bf4783d4021f74000d1,How To Ace Your Job Interview Over Zoom | Forbes - YouTube,Social sciences,www.youtube.com,https://www.youtube.com/watch?v=Si4GLeQoqLA,clip,https://res.cloudinary.com/landell/image/upload/aline/business-empty-state.jpg,Elisabeth Changa,https://lh3.googleusercontent.com/a-/AOh14GgE4n0ZRjYqDJMPo7mMfzNOVS-myStv-8ur9PfF=s96-c,"[""Social sciences"",""Business""]",60363bf51bcffc26144483f1
603644322846bb80161bd111,How to get serious about diversity and inclusion in the workplace | Janet Stovall - YouTube,Social sciences,www.youtube.com,https://www.youtube.com/watch?v=kvdHqS3ryw0,clip,https://res.cloudinary.com/landell/image/upload/aline/business-empty-state.jpg,Elisabeth Changa,https://lh3.googleusercontent.com/a-/AOh14GgE4n0ZRjYqDJMPo7mMfzNOVS-myStv-8ur9PfF=s96-c,"[""Social sciences"",""Business""]",603644356ec08833e181ad9e
603644af2846bb4f671bd112,The Surprising Solution to Workplace Diversity | Arwa Mahdawi | TEDxHamburg - YouTube,Social sciences,www.youtube.com,https://www.youtube.com/watch?v=mtUlRYXJ0vI,clip,https://res.cloudinary.com/landell/image/upload/aline/business-empty-state.jpg,Elisabeth Changa,https://lh3.googleusercontent.com/a-/AOh14GgE4n0ZRjYqDJMPo7mMfzNOVS-myStv-8ur9PfF=s96-c,"[""Social sciences"",""Business""]",603644b16ec088179381ad9f
603645242846bb4a861bd113,Why cultural diversity matters | Michael Gavin | TEDxCSU - YouTube,Social sciences,www.youtube.com,https://www.youtube.com/watch?v=48RoRi0ddRU,clip,https://res.cloudinary.com/landell/image/upload/aline/business-empty-state.jpg,Elisabeth Changa,https://lh3.googleusercontent.com/a-/AOh14GgE4n0ZRjYqDJMPo7mMfzNOVS-myStv-8ur9PfF=s96-c,"[""Social sciences"",""Business""]",603645266ec0883d5881ada0
6036457d2846bb1ea11bd114,"business management 101, business management definition, basics, and best practices - YouTube",Social sciences,www.youtube.com,https://www.youtube.com/watch?v=HAplU-mR3F0,clip,https://res.cloudinary.com/landell/image/upload/aline/business-empty-state.jpg,Elisabeth Changa,https://lh3.googleusercontent.com/a-/AOh14GgE4n0ZRjYqDJMPo7mMfzNOVS-myStv-8ur9PfF=s96-c,"[""Social sciences"",""Business""]",6036457f6ec088826981ada1
603645c82846bbf0181bd115,What is Business Administration? - YouTube,Social sciences,www.youtube.com,https://www.youtube.com/watch?v=UtbfATNSePk,clip,https://res.cloudinary.com/landell/image/upload/aline/business-empty-state.jpg,Elisabeth Changa,https://lh3.googleusercontent.com/a-/AOh14GgE4n0ZRjYqDJMPo7mMfzNOVS-myStv-8ur9PfF=s96-c,"[""Social sciences"",""Business""]",603645ca6ec0881c5e81ada2
603645f42846bbe7331bd116,The Basics of Business Management - What EVERY Business Owner Should Know - YouTube,Social sciences,www.youtube.com,https://www.youtube.com/watch?v=N-YIDYdeZms,clip,https://res.cloudinary.com/landell/image/upload/aline/business-empty-state.jpg,Elisabeth Changa,https://lh3.googleusercontent.com/a-/AOh14GgE4n0ZRjYqDJMPo7mMfzNOVS-myStv-8ur9PfF=s96-c,"[""Social sciences"",""Business""]",603645f56ec0884ae281ada3
60364a80d062c38378eb418b,What Is Brand Strategy And How To Do It (Step 1) - YouTube,Social sciences,www.youtube.com,https://www.youtube.com/watch?v=TqczYbFPWnk,clip,https://res.cloudinary.com/landell/image/upload/aline/business-empty-state.jpg,Elisabeth Changa,https://lh3.googleusercontent.com/a-/AOh14GgE4n0ZRjYqDJMPo7mMfzNOVS-myStv-8ur9PfF=s96-c,"[""Social sciences"",""Business""]",60364a84c29948bdeb9ec5ff
60364cafd062c33f49eb418c,"branding 101, understanding branding basics and fundamentals - YouTube",Social sciences,www.youtube.com,https://www.youtube.com/watch?v=MeLimVJom_0,clip,https://res.cloudinary.com/landell/image/upload/aline/business-empty-state.jpg,Elisabeth Changa,https://lh3.googleusercontent.com/a-/AOh14GgE4n0ZRjYqDJMPo7mMfzNOVS-myStv-8ur9PfF=s96-c,"[""Social sciences"",""Business""]",60364cb239967135a52561c4
603662f3499835f8303a9c30,"Harvard’s Most Popular Course is Free, Online | by Frederik Bussler | CodeX | Jan, 2021 | Medium",Social sciences,medium.com,https://medium.com/codex/harvards-most-popular-course-is-free-online-283301b6c531,article,https://images.unsplash.com/photo-1503676260728-1c00da094a0b?crop=entropy&cs=tinysrgb&fit=max&fm=jpg&ixid=MXwyMDU1Njl8MHwxfHNlYXJjaHwxfHxFZHVjYXRpb258ZW58MHwwfHw&ixlib=rb-1.2.1&q=80&w=400,Emanuel Ländell,https://lh3.googleusercontent.com/a-/AOh14Gi1dTBpYKIvmW__ycXxPbDABWdGu-4Xe33xvpP2=s96-c,"[""Social sciences"",""Education""]",603662f63f1ee74e5df46a9f
6036b90075180b12d0df9dad,How Your Brain Works & Changes | Episode 1 - Huberman Lab | Lyssna här  | Poddtoppen.se,Social sciences,poddtoppen.se,https://poddtoppen.se/podcast/1545953110/huberman-lab/how-your-brain-works-changes-episode-1,podcast,https://images.unsplash.com/photo-1593444286621-98245b7d4530?crop=entropy&cs=tinysrgb&fit=max&fm=jpg&ixid=MXwyMDU1Njl8MHwxfHNlYXJjaHwxfHxQc3ljaG9sb2d5fGVufDB8MHx8&ixlib=rb-1.2.1&q=80&w=400,Innocent Mugenga,https://lh3.googleusercontent.com/a-/AOh14Ggr04nFnPY4i25tGRmDi6IK65ZtAA3kg2NFhTrQ=s96-c,"[""Social sciences"",""Psychology""]",6036b90392fc6457ef95f1a3
6037f1f87e0a9818dc9aed4b,Mental Models Used by Billionaires with Sahil Bloom | TIP Network,Social sciences,www.theinvestorspodcast.com,https://www.theinvestorspodcast.com/episodes/mental-models-sahil-bloom/,podcast,https://1nodld1ltmqu3jimmy2xsgcu-wpengine.netdna-ssl.com/wp-content/uploads/2021/02/336-sahil-bloom-optimized-1.jpg,Emanuel Ländell,https://lh3.googleusercontent.com/a-/AOh14Gi1dTBpYKIvmW__ycXxPbDABWdGu-4Xe33xvpP2=s96-c,"[""Social sciences"",""Education""]",6029b8bf261e93fed6a9ca5a
60383f4eb6698e18851e248b,How To Read 10k Annual Reports,Social sciences,youtu.be,https://youtu.be/goGUnLQPfd8,clip,https://images.unsplash.com/photo-1526304640581-d334cdbbf45e?crop=entropy&cs=tinysrgb&fit=max&fm=jpg&ixid=MXwyMDU1Njl8MHwxfHNlYXJjaHwxfHxFY29ub21pY3N8ZW58MHwwfHw&ixlib=rb-1.2.1&q=80&w=400,Emanuel Ländell,https://lh3.googleusercontent.com/a-/AOh14Gi1dTBpYKIvmW__ycXxPbDABWdGu-4Xe33xvpP2=s96-c,"[""Social sciences"",""Economics""]",60383f50db3f12189160c91c
603a08909699ef1b340e50ca,The Feynman Learning Technique,Social sciences,fs.blog,https://fs.blog/2021/02/feynman-learning-technique/,article,https://images.unsplash.com/photo-1503676260728-1c00da094a0b?crop=entropy&cs=tinysrgb&fit=max&fm=jpg&ixid=MXwyMDU1Njl8MHwxfHNlYXJjaHwxfHxFZHVjYXRpb258ZW58MHwwfHw&ixlib=rb-1.2.1&q=80&w=400,Innocent Mugenga,https://lh3.googleusercontent.com/a-/AOh14Ggr04nFnPY4i25tGRmDi6IK65ZtAA3kg2NFhTrQ=s96-c,"[""Social sciences"",""Education""]",603a089289ae3434715fd394
603a8f07d201b545b0baa4fb,The Feynman Learning Technique,Humanities,en.m.wikipedia.org,https://en.m.wikipedia.org/wiki/Ikigai,article,https://images.unsplash.com/photo-1505664194779-8beaceb93744?crop=entropy&cs=tinysrgb&fit=max&fm=jpg&ixid=MXwyMDU1Njl8MHwxfHNlYXJjaHwxfHxQaGlsb3NvcGh5fGVufDB8MHx8&ixlib=rb-1.2.1&q=80&w=400,Innocent Mugenga,https://lh3.googleusercontent.com/a-/AOh14Ggr04nFnPY4i25tGRmDi6IK65ZtAA3kg2NFhTrQ=s96-c,"[""Humanities"",""Philosophy""]",603a8f0b410a862ac38e4775
603c047f06c0c8512c212ec5,"3. Learn from every “no,” w/Walker & Company’s Tristan Walker - Masters of Scale with Reid Hoffman | Podcast on Spotify",Social sciences,open.spotify.com,https://open.spotify.com/episode/7FEMo4NDlAT8h1ZuAyqA6j?si=z6OscZmKRJ6ncyxGx38Evg,podcast,https://res.cloudinary.com/landell/image/upload/aline/business-empty-state.jpg,Stephanie Darvill,https://lh3.googleusercontent.com/a-/AOh14GjO8ojLPSyWYMtFXitpckQOKsWc35CYgEopnP5P=s96-c,"[""Social sciences"",""Business""]",603c0484d5bab1f3012ae959
603cea5537960940baffde54,COSAW 036: How Tia Bhuva Launched a Successful Business Helping South Asian Women Reconnect with the Sari - Confessions of Successful Asian Women | Podcast on Spotify,Social sciences,open.spotify.com,https://open.spotify.com/episode/4mHOO2Rz0P90aIfoDDP8Ii?si=m5A6cEwaRsu4hJFRbEKnag,podcast,https://res.cloudinary.com/landell/image/upload/aline/business-empty-state.jpg,Elisabeth Changa,https://lh3.googleusercontent.com/a-/AOh14GgE4n0ZRjYqDJMPo7mMfzNOVS-myStv-8ur9PfF=s96-c,"[""Social sciences"",""Business""]",603cea5840c9380a3137e392
603cea7d379609c6a4ffde55,Womenpreneur Asia - Podcast.co,Social sciences,pod.co,https://pod.co/womenpreneur-asia,podcast,https://res.cloudinary.com/landell/image/upload/aline/business-empty-state.jpg,Elisabeth Changa,https://lh3.googleusercontent.com/a-/AOh14GgE4n0ZRjYqDJMPo7mMfzNOVS-myStv-8ur9PfF=s96-c,"[""Social sciences"",""Business""]",603cea80efd5859bb02098b7
603cea9837960977d0ffde56,Why Human-Centered Design Matters | WIRED,Design,www.wired.com,https://www.wired.com/insights/2013/12/human-centered-design-matters/,article,https://res.cloudinary.com/landell/image/upload/aline/design-empty-state.jpg,Elisabeth Changa,https://lh3.googleusercontent.com/a-/AOh14GgE4n0ZRjYqDJMPo7mMfzNOVS-myStv-8ur9PfF=s96-c,"[""Design"",""User experience""]",603cea99efd5851dab2098b8
603ceab93796095be6ffde57,"Mauritius, South Africa & Seychelles Are In The Driver’s Seat Of AI Readiness In Africa - Forbes Africa",Computing,www.forbesafrica.com,https://www.forbesafrica.com/technology/2020/10/01/mauritius-south-africa-seychelles-are-in-the-drivers-seat-of-ai-readiness-in-africa/,article,https://res.cloudinary.com/landell/image/upload/aline/tech-empty-state.jpg,Elisabeth Changa,https://lh3.googleusercontent.com/a-/AOh14GgE4n0ZRjYqDJMPo7mMfzNOVS-myStv-8ur9PfF=s96-c,"[""Computing"",""Computer science""]",603ceabaefd585814f2098b9
603ceaf3379609535cffde58,Leadership In A Disrupted World - Forbes Africa,Social sciences,www.forbesafrica.com,https://www.forbesafrica.com/brand-voice/2020/03/10/leadership-in-a-disrupted-world/,article,https://res.cloudinary.com/landell/image/upload/aline/business-empty-state.jpg,Elisabeth Changa,https://lh3.googleusercontent.com/a-/AOh14GgE4n0ZRjYqDJMPo7mMfzNOVS-myStv-8ur9PfF=s96-c,"[""Social sciences"",""Business""]",603ceaf4efd585f7612098ba
603cecfb85805b36412d5f25,205 Website Design Questions To Ask Your Clients - Unlimited Graphic Design Service,Design,penji.co,https://penji.co/website-design-questions/,article,https://res.cloudinary.com/landell/image/upload/aline/design-empty-state.jpg,Adriana Aazami,https://lh3.googleusercontent.com/a-/AOh14GiZ_XEefR93-6jOOuBgEhSQMdZ-8D3jg1-sG-L_=s96-c,"[""Design"",""Web design""]",603cecfdefd58590d72098bb
603ced2b379609f1d2ffde59,User Story Mapping For Beginners - StoriesOnBoard,Design,storiesonboard.com,https://storiesonboard.com/user-story-mapping-intro.html#,article,https://res.cloudinary.com/landell/image/upload/aline/design-empty-state.jpg,Adriana Aazami,https://lh3.googleusercontent.com/a-/AOh14GiZ_XEefR93-6jOOuBgEhSQMdZ-8D3jg1-sG-L_=s96-c,"[""Design"",""User experience""]",603ced2defd58573882098bc